text,is_hate_1,is_toxic_1,is_offensive_1,is_hate_2,is_toxic_2,is_offensive_2,is_hate_3,is_toxic_3,is_offensive_3,is_hate_4,is_toxic_4,is_offensive_4,is_hate_5,is_toxic_5,is_offensive_5,is_hate_6,is_toxic_6,is_offensive_6
"We have a very stubborn foreigner problem in SA, rude, criminal, unrepentant and unwilling to go back home, we must employ stubborn solutions to push them out #PutSouthAfricansFirst",0,1,1,1,1,1,1,1,1,1,1,1,1,1,1,1,1,1
@user @user @user Wena sphukuphuku Malema says if Zimbabweans are on their own they are exploited. There must be locals to keep guard. He is protecting Zimbabweans still. Also whites are using it to fuel xenophobia by employing Zimbabweans only. But idiots won't get it.,0,1,1,0,1,1,0,1,1,0,0,1,0,1,1,0,1,1
"@user @user n @user why are u protecting those foreigners in Hillbrow this much? Mafakaz beat yall nd couldn't retaliate this other year, are yall on the payroll frm these cunts? You claim to do the  #BuyaMthetho shit bt fail #PutSouthAfricaFirst #PutSouthAfricansFirst",0,1,1,1,1,1,0,1,1,0,1,1,1,1,1,0,1,1
@user @user @user @user @user @user @user @user @user @user @user We are getting kicked out of our country,0,0,0,0,0,0,0,0,1,0,0,0,0,1,0,0,1,0
It broke my heart seeing my former classmate on drugs that he got from foreigners when we report them to SAPS the next thing you get threatened. In our own country getting threads from foreigners it's time we got together as SA youth #PutSouthAfricansFirst,1,1,0,0,1,0,0,1,1,0,1,1,0,1,1,0,1,1
@user @user It's #PutSouthAfricansFirst... #PutSACitizensFirst... #PutSouthAfricaFirst... It's All over.,0,1,0,0,1,0,0,0,0,0,0,0,0,1,0,0,0,0
@user Africans are not the only immigrants. Our focus is in all illegal immigrants who disregard the laws of South Africa. It just so happens that our fellow brothers and sisters are often implicated in criminality #OperationDudula #PutSouthAfricaFirst,0,1,0,0,1,1,0,1,1,1,1,1,0,0,0,0,1,0
"Armed group attacked police station, killed 2 officers, in #Sokoto state, NW #Nigeria yesterday 17 Sept. Police say about 100 gunmen in army camouflage stormed Gidan Madi station in #Tangaza LGA by 1.30 am, shot DPO &amp; Inspector dead. Attackers also reportedly made away with guns. <URL>",0,0,0,0,0,0,0,0,0,0,0,0,0,0,0,0,0,0
@user But they didn't lay criminal charges against the Boers in Senekal. We saw what they did. Why can't somebody then press charges against them ? Instead clever blacks are on eff's case. Darkie,0,1,1,0,1,1,0,1,1,0,1,1,0,1,1,0,1,1
"@user @user @user @user @user @user @user Going through comments of those who hate foreigners and them try to pin this on them, SAns are the biggest drug dealers, Nigerians are noice makers, no drug come into SA without SA drug dealers approval",0,1,0,0,1,1,0,1,1,0,1,1,0,1,1,0,1,0
#apartheidflag black people stop complaining you were given freedom of movement and you celebrated whites owns everything in this country you are just a servant,0,1,1,0,1,1,0,1,1,0,1,1,0,1,1,0,1,1
"#PutSouthAfricaFirst #PutSouthAficansFirst #OperationDudula. How did we get here, our people giving ID's to foreign criminals to destroy our country? <URL>",0,1,0,0,1,1,0,1,1,0,1,1,0,0,1,0,1,1
"We Don't Run A Banana Republic Here. Foreigners Must Go Home And Build Their Countries.Our Schools Are Populated .Clinics. Towns. Jobs. Hospitals. But The Likes Of #Malema Dont See That. #PutSouthAfricaFirst #MayibuyiSouthAfrica
#COVID19 <URL>",0,1,1,0,1,0,0,1,1,0,1,1,0,1,0,0,1,1
"@user @user @user @user #PutSouthAfricansFirst 
Empower communities to govern themselves.
Foreigners go back to your own countries.",0,1,1,0,1,1,0,1,1,0,1,1,0,1,0,0,1,1
@user @user @user @user Guys mpumalanga is no longer SAn. Eswatini and Mozambicans. Those tsongas there are foreigners. It's a mess,0,1,0,0,1,1,0,1,0,0,1,1,0,1,1,0,1,1
"They call us Xenophobic, but foreigners and illegal aliens from Lesotho think the #PhoenixMassacre was a joke. How can you joke about death. #PutSouthAficansFirst <URL>",0,1,1,0,1,1,0,1,1,0,1,1,0,0,1,0,1,1
"@user That  is  why  as  #PutSouthAfricansFirst   movement, we have  been calling  for  the  deportation  of  all  foreigners. Go  to  your  damn  countries  n  fight  your  Battle's. Y'all  have overstayed  in  South Africa,Zimbabwe  is not gonna fix  itself.We want our country back",0,1,1,1,1,1,0,1,1,0,1,1,0,1,1,0,1,1
@user JHB back in the days. This is how you and your black friends has fucked up SA in 25 years!!! Well done <URL>,0,1,1,0,1,1,1,1,1,0,1,1,0,1,1,0,1,1
"@user @user Not until the masses know about it. Right now what they know is that there are no jobs because Zimbabwens, Nigerians etc",0,1,1,0,1,1,0,1,1,0,1,1,0,0,0,0,1,0
"We must work hard to remove @user EFF (Juju's Spaza shop) and  @user terrorists from Parliament.They unleashed foreign savages, murderers, &amp; human-traffickers on the poor &amp; unsuspecting SAns. #DUDULA #OperationDudula #DeportForeigners  #June16 #VoetsekANC #VoetsekEFF <URL>",1,1,1,0,1,1,1,1,1,1,1,1,0,1,1,0,1,1
Normalise Protecting your country against foreigners who want to destroy it #PutSouthAfricansFirst,0,1,0,0,1,0,0,1,1,0,1,1,0,1,0,0,1,1
"@user Who said uber is for White Business 
You can also buy a Bus and Join Uber <URL>",0,0,0,0,0,0,0,0,0,0,0,0,0,0,0,0,0,0
#WeSeeYou #VoetsekANC @user #VoetsekEFF @user #VoteThemAllOut cause they haven't responded to #PutSouthAfricansFirst by at least #CloseBeitbridgeBorder they opress still the people of #Xolobeni #ANC109 yamaüí© #ANCMustFall <URL>,0,0,0,0,1,1,0,1,0,0,0,1,0,0,1,0,0,1
"#OperationDudula should continue until we're heard and listened to that we don't need foreigners especially the illegal ones in our country, they must leave once and for all. ""SOUTH AFRICA for South Africans unless we invited you",0,1,1,0,1,1,0,1,1,1,1,1,0,0,1,0,1,1
"@user Mashaba i support you 100% all foreigners must be documented if not they must leave our country, door to door is needed in Alex, Oliven, Cosmo, Diepsloot, Tembisa, Soweto etc",0,1,0,0,1,0,1,1,1,1,1,1,0,1,0,0,0,0
@user Let them open the posts. We have plenty of uneducated teachers. Let those foreigners go to their countries. All the 7 other provinces must do the right thing..,0,0,0,0,1,0,0,1,1,0,1,1,0,1,0,0,1,1
"@user There is mfs here thinking they own SA. A sovereign nation whose money and wealth is in the hands of foreigners posing as tourists and investors but cause fellow Africans are black, they are labelled kwerekwere. To be crazy is to look in the mirror and hate yourself...",0,0,1,0,1,1,0,0,0,0,0,1,0,0,1,0,0,0
Bittersweet Eid as Palestine is ravaged <URL>,0,0,0,0,0,0,0,0,0,0,0,0,0,1,0,0,0,0
"I feel nothing for nigerians as I m not buying drugs from them.I feel nothing for Nigerians because I m against human trafficking. I feel nothing for zims,because I discourage illegal immigrants   #PutSouthAfricaFirst",0,1,1,0,1,1,0,1,1,0,0,1,0,1,1,0,1,1
You are obviously a foreigner yourself. You should be packing preparing to go back to your country to fix it &amp;stop fighting to be in SA @user &amp; @user are giving you false hope. They will never be in power forget it #PutSouthAfricaFirst #ForeignersMustleaveSA <URL>,0,1,0,0,1,1,0,1,1,0,0,1,0,0,1,0,1,1
"The ANC one, ATM, SAF and ACTION SA are nowhere to be seen. It's clear  that the #PutSouthAfricaFirst brigade doesn't have numbers, while on the other hand the EFF keeps growing! #IStandWithEFF #EFFMustRise <URL> <URL>",0,1,0,0,1,0,0,0,0,0,0,0,0,0,0,0,0,0
Thank you EFF. Visitors must be put where they belong. The time of thinking that black man is a step-child on this land has ended with Mandela. They must know that We are not coming to Brackenfell to exchange roses with white racist minority settlers. <URL>,0,1,0,1,1,1,0,0,0,0,1,1,1,1,0,0,1,1
"@user @user And akho apha sizawuya khona! Here to stay and to stay forever!
#VoetsekSAmedia 

#PutSouthAfricansFirst <URL>",0,0,0,0,1,1,0,0,0,0,0,0,0,1,1,0,1,1
"@user @user #DUDULA #Dudula2021 #June16 .Every patriot in Johannesburg, every man and woman no cooler boxes and braa. Every road leads to Diepskloof Soweto. We don't want people to support only on Twitter and Facebook. We need full physical participation by everyone. See you there _x1f1ff__x1f1e6_",0,0,0,0,1,0,0,0,0,0,0,0,0,1,0,0,1,1
"This ANC and EFF keep quiet when Zimbabweans and mozambiquens kill our people , for 20 years thousands of south Africans have been killed by these African animals,

South Africans u must follow THOKOZA and remove foreigners from your towns, we have had enough <URL>",1,1,1,1,1,1,1,1,1,1,1,1,0,1,1,1,1,1
"Bananna Republic ! We get fuxked around every corner!
#freeSA2022 
#WeWantOurCountryBack 
#PutSouthAfricansFirst <URL>",0,1,0,0,1,1,0,0,0,0,0,1,0,1,1,0,1,1
South African crimes is not an excuse for foreigners to come here and commit crimes. There's no country in the world with 0% crime rate..#PutSouthAfricansFirst,0,0,0,0,1,0,0,1,0,0,1,1,0,1,0,0,1,0
"I support #DieplsootProtest and #DUDULA protest 

These are patriots who love their country 

If you want to come to South Africa, come LEGALLY 

IF you are here LEGALLY respect our LAWS",0,0,0,0,1,0,0,0,0,0,0,0,0,0,0,0,1,0
"EFF leader @user has told #Newzroom405 that there is no scientific evidence that white farmers are targetted in South Africa.

Catch the repeat of this interview with @user on Saturday at 14:00. #EFFinSenekal #Senekal <URL>",0,0,0,0,0,0,0,0,0,0,0,1,0,0,0,0,0,0
"@user He's mad, he wants to gather more foreigners to vote for him #PutSouthAfricansFirst",0,0,0,0,1,0,0,0,0,0,0,1,0,1,1,0,1,0
"We still advocating for strong borders control, protect South Africa against illegal immigrants, deport illegal immigrants and #PutSouthAfricansFirst #WeWantOurCountryBack <URL>",0,0,0,0,1,0,0,0,0,0,1,1,0,1,0,0,1,0
"@user To All illegal foreigners in south africa, including Nigerians &amp; Zimbabweans...  See attached!!! #putsouthafricansfirst <URL>",0,1,1,0,1,1,0,1,1,0,0,0,1,1,1,1,1,1
"@user @user ANC, whites, and foreigners are the cause of many of our problems.",0,1,0,0,1,1,0,0,0,0,1,1,0,1,0,0,1,1
"#ShareSouthAfrica
#PutSouthAfricaFirst
Good day, to get the insider‚Äôs Holistic view and opinion about Gauteng ppe corruption and South Africa as a whole,  Click on link here : <URL>",0,0,0,0,0,0,0,0,0,0,0,0,0,0,0,0,0,0
"Since South Africans are stupid and lazy, how are they going to help Zimbabweans? ü§î Can we let the educated, intelligent hard workers manage their situationü§∑‚Äç‚ôÄÔ∏è Xenophobic lazy South Africans watch and learn.",0,1,0,0,1,1,0,0,1,0,1,1,0,1,1,0,0,1
@user Do foreigners in ur country pay tax?Do U benefit from it?,0,0,0,0,0,0,0,0,0,0,0,0,0,1,0,0,1,0
"But SA celebs thoughü§î when the Winnie and Mandela movies was acted by American actors they were complaining but now won't allow citizens to complain about losing jobs to illegal immigrants and immigrant influx 
 #PearlThusiMustFall <URL>",0,0,0,0,1,0,0,1,0,0,0,1,0,1,0,0,1,0
@user @user @user @user Lol he started it?,0,0,0,0,0,0,0,0,0,0,0,0,0,0,0,0,0,0
@user @user @user #dudula follow this to see patriots in action.,0,0,0,0,1,0,0,0,0,0,0,0,0,1,0,0,0,0
"#OperationDudula was a great success in Diepkloof yesterday. Which area do you want to see #Dudula2021
Leave your comment under this tweet #DUDULA",0,0,0,0,0,0,0,0,0,0,0,0,1,1,0,0,0,0
"This @user circus of serving foreigners &amp; oppressing or disregarding the SAn native taxpayers,is getting out of hand.We need to defund this SAHRC &amp; fund the Native Self Defence Units #SAHRCphoenixHearings  #PhoenixMassacre  #RacistIndians #SlaughteringOfZulusInPhoenix",0,1,0,0,1,1,0,1,1,0,0,1,0,1,0,0,1,1
@user @user @user @user @user @user @user @user Sisonke.#PutSouthAficansFirst and #PutSouthAfricaFirst all illegal people in S.A from all over the world MUST be deported including the Malawians @user that is what we stand for.,0,1,0,0,1,0,0,1,0,0,1,1,0,1,1,0,1,0
@user @user Exactly! That's what she wanted hence the silence and refusal to delete the tweet because that was the kind of reaction she was looking for. This is the same person who was defending Brackenfell HIgh school not so long ago and calling EFF's protest as race baiting.,0,0,0,0,0,0,0,0,0,0,0,1,0,1,0,0,0,0
"Its about time we #PutSouthAfricaFirst
Truck divers foreigners
Workers foreigners
Spaza shops in townships foreigners.
We can't accommodate everybody",0,0,0,0,1,1,0,0,0,0,1,1,0,1,0,0,1,0
"@user @user @user @user The likes of you are always going to make noise to detracts us... We are not bothered by you. Get your ass out of Lerato rather....
His absence in the March bothers you so much you seem to be getting heart pulpitations #PutSouthAfricansFirst üáøüá¶üáøüá¶üáøüá¶üáøüá¶üáøüá¶üáøüá¶",0,0,0,0,1,1,0,0,0,0,0,1,0,1,0,0,1,1
We thank you @user for always exposing these thugs called @user and their leader #VoteofnoConfidence #ANCMustFall we need ATM to lead us through integrity and #PutSouthAfricaFirst,0,0,0,0,1,1,0,0,0,0,0,1,0,1,0,0,0,0
"Some more views from 
#VoetsekSomalians 
#massDeportation2021 
#SAisNot4Sale 
#PutSouthAfricansFirst <URL>",0,0,0,1,1,1,0,0,0,0,0,0,0,1,1,0,1,1
@user Anc need to go back to exile and leave the country to #PutSouthAfricaFirst,0,0,0,0,1,1,0,0,0,0,0,1,0,1,0,0,0,0
"@user Sex workers are not to be legalized, Nigerians are using young poor women and school children,  as sex workers open illegal brothels around South Africa.
If legalized more kidnapping and human trafficking will continue as normal.",0,0,0,0,1,1,0,1,1,0,1,1,0,1,1,0,1,1
"@user @user I was shocked to learn that they hijacked a library in the city. It's us the citizens who are foreigners in this land, no one seems capable to protect us and the country itself.",0,0,0,0,1,0,0,0,0,0,0,1,0,1,0,0,1,0
@user #FULLVIEW #eff March to Brackenfell High is a racist act. They're uncivilised garbage. Just fucking end them. All of them. For good.,1,1,1,1,1,1,0,1,1,1,1,1,1,1,1,0,1,1
Why care so much bout what is happening in our country......just concentrate on ur country please. #PutSouthAfricansFirst <URL>,0,0,0,0,1,0,0,0,0,0,0,1,0,0,1,0,1,0
"Frankly speaking,If @user was responsible, humane and caring government we wouldn't be in this current situation. ANC was voted by 10million SAfricans who were promised better lives n decent jobs but it chided to sacrificed them n prioritize foreigners. #SouthAfricansAreStarving",0,0,0,0,1,0,0,0,0,0,0,1,0,1,0,0,1,0
@user If your not happy guys you can relocate to Zimbabwe for free they need people like you #PutSouthAfricaFirst,0,0,0,0,1,0,0,0,0,0,0,0,0,1,0,0,0,1
"@user @user @user @user @user üòÇüòÇüòÇ when we talk they all say we we xenophobic but none South African did get that grant bathathe foreigners 

#PutSouthAfricansFirst",0,0,0,0,1,0,0,0,0,0,0,0,0,1,1,0,1,0
"No foreigners must be allowed to trade in township economy please implement policy that will tackle this nonsense. 

#PhoenixMassacre 
#PutSouthAfricaFirst <URL>",0,0,0,1,1,1,0,0,1,0,1,1,0,1,1,0,1,1
"South Africans @user don't see us.. A ba re bone..We are nothing before their eyes..They might think im joking when i say it will end in tears for them because they think they are POWERFUL..This is no joke.. God, please deal decisively with the Anc..I Pray",0,0,0,1,1,1,0,0,0,0,0,0,0,0,0,0,0,1
@user Racist has no place in this country of the natives #NativeQuestion #TheLandisOurs @user is rallying progressive formations against your colonialist agenda! #EFFInBrackenfell,0,0,0,0,1,0,0,0,0,0,0,1,0,1,0,0,0,1
"@user Mxm you mean this guy that sold us out?
Our mines are rulled by foreign nationals, this government is corrupt.
Don't tell us he changed shit for us.",0,0,0,0,1,1,0,0,0,0,0,1,0,1,1,0,0,0
@user @user Of course they are monitoring our accounts!! Many of them have infiltrated the #PutSouthAfricansFirst I have seen many of you following and being followed by people from the countries we‚Äôre rallying against! I‚Äôve blocked many myself. TIME TO CHECK YOUR FOLLOWERS AND BLOCK,0,0,0,0,1,0,0,0,0,0,1,1,0,1,0,0,1,1
"I repeat, we will ensure that there's no employer that employs foreigners on none scare skills jobs. South Africans are not going to go hungry on our watch. For now the company will take 50 South Africans and the rest will be removed later. #PutSouthAficansFirst #Dudula",0,0,0,0,1,1,0,0,1,1,1,0,0,1,1,0,1,0
"We only love our S.A.our only home till death, no other country will be better home than your Ancestral home which is S.A.for us ‚úå #PutSouthAfricansFirst ‚úä‚úä‚úä‚úä <URL>",0,0,0,0,1,0,0,0,0,0,0,0,0,0,0,0,0,0
"@user @user @user @user @user @user @user @user @user @user @user @user @user @user @user @user @user @user @user @user Zimbabweans are breaking in to our houses, taking double cabs via Limpopo river, Nigerians are selling drugs to our kids, hijacking flats, making our young kids prostitutes, Somalis &amp; Pakistanis are producing cheap &amp; dangerous foods, in every heist you'll always find a foreigner.",0,1,0,0,1,1,0,1,1,0,1,1,0,1,1,0,1,1
"@user Please deport all illegal immigrants and drug dealers.
#PutSouthAfricansFirst",0,0,0,0,1,0,0,0,0,0,0,0,0,1,1,0,1,1
@user @user Didn‚Äôt say it‚Äôs okay for them to sell drugs or come in the country illegally but it‚Äôs unfair to chase them away when all they trying is to make a living legally.,0,0,0,0,0,0,0,0,0,0,0,0,0,1,0,0,0,0
"@user Let's keep the fire burning 
#PutSouthAfricansFirst",0,0,0,0,1,0,0,0,0,0,0,0,0,1,0,0,0,0
People of Soweto said it that they will make a clean up on the 16th of June however they started earlier than that. No foreigners in Soweto <URL>,0,0,0,0,1,1,0,0,1,1,1,1,0,1,1,0,1,1
@user @user @user Ask the Europeans who captured Senekal if destroying police van is OK. #VoteEFF2021 EFF EFF EFF EFF EFF EFF EFF EFF EFF EFF EFF EFF EFF EFF EFF EFF EFF EFF EFF EFF EFF EFF EFF EFF EFF EFF EFF EFF EFF EFF EFF EFF EFF EFF EFF EFF EFF EFF EFF EFF EFF EFF EFF EFF EFF EFF EFF EFF EFF,0,0,0,0,1,0,0,0,0,0,0,1,0,1,1,0,0,0
@user U  r mad what is xenophobic about asking to be prioritized in our country. S.A.  is for SAfr it is not Africa go back to your rubbish countries #putsouthAfricansFirst  #ForeignersGoHome  #NigeriansMustGo #zimbabweansMustGo #humantraffickingawareness #Join16OctoberCleanSA,0,1,0,0,1,1,0,1,1,0,1,1,0,1,1,0,1,1
@user No we thank you for waking us up and for that we will forever stand by your side #HandsOffLeratoPillay #PutSouthAfricansFirst,0,0,0,0,1,1,0,0,0,0,0,0,0,1,0,0,0,0
@user @user If they are poor foreigners must they come here illegally!,0,0,0,0,1,1,0,0,0,0,0,1,0,1,0,0,1,0
Our country guyzin.... foreigners are doing as they please....#DUDULA #PutSouthAfricaFirst #OperationDudula <URL>,0,0,0,0,1,0,0,0,0,0,0,1,0,1,0,0,1,1
@user She called South Africans Roaches. #BoityWanyela #PutSouthAfricansFirst,0,0,0,0,0,0,0,0,0,0,0,1,0,1,0,0,0,0
"People Are Stealing Schol Properties Cos Ka Makala Lebati La Makhi Le Ngwetse 12B üôÑüôÑüôÑüôÑ

#bhekicele #nyannyan #PutSouthAfricansFirst",0,0,0,0,0,0,0,0,0,0,0,1,0,0,0,0,0,0
"True;Whoever enter this country illegally is a criminal and should be treated as such
#VoetsekANC 
#VoetsekEFF 
#OperationDudula",0,0,0,0,1,1,0,0,0,0,1,1,0,1,0,0,1,1
2019 Rugby World Cup Winners!!!!!! Congratulations Boys we were behind you all the way _x1f64c__x1f3fd__x1f64c__x1f3fd__x1f64c__x1f3fd__x1f64c__x1f3fd__x1f64c__x1f3fd__x1f64c__x1f3fd__x1f64c__x1f3fd__x1f64c__x1f3fd__x1f1ff__x1f1e6__x1f1ff__x1f1e6__x1f1ff__x1f1e6__x1f1ff__x1f1e6__x1f1ff__x1f1e6__x1f1ff__x1f1e6__x1f1ff__x1f1e6__x1f1ff__x1f1e6__x1f62d__x1f62d__x1f62d__x1f62d__x1f62d__x1f62d__x1f62d__x1f62d__x1f62d_#RWCFinal #SiyaKolisi #Springboks #RugbyWorldCupfinal <URL>,0,0,0,0,0,0,0,0,0,0,0,0,0,0,0,0,0,0
"@user We're all still waiting for when your family will give your generational wealth to the poorest Blacks? When is the announcement?
Your soy-boy bitch nephew basically took a shit on all Whites in SA so c'mon.....

<URL> <URL>",0,1,1,0,1,1,0,0,1,0,1,0,0,1,1,0,0,1
@user In our fake rainbow nation we must not forget that Europeans never have our best interest at heart. Plus they are the major beneficiaries of illegal immigration. Exposing him was fine but his children n family??.#PutSouthAfricaFirst  is here to stay,0,0,0,0,1,1,0,0,0,0,1,1,0,0,0,0,1,0
@user Hamas is just attacking IDF militants in those areas. Hamas has every right to defend their territory unlike Israel terrorist scumbags,0,0,0,0,1,1,0,0,0,0,1,1,0,0,1,0,1,1
GDP: Life sentence for 5 men convicted of murder <URL>,0,0,0,0,0,0,0,0,0,0,0,0,0,0,0,0,0,0
"Compatriots, #operationdudula is not going to come to you,you are the #Dudula of your communities, start it there! 
#Dudula2021
#sowetouprising 
#PutSouthAficansFirst 
#WeWantOurCountryBack <URL>",0,0,0,0,1,0,0,0,0,0,0,0,0,1,0,0,1,1
IFP is infiltrated by amaIndia and couldn't even condemn racist indians of Phoenix who kilked Zulu people. #PhoenixMassacre #DontVoteIFPnAnc #IFPManifestoLaunch,0,0,0,0,1,1,0,0,0,0,1,1,0,1,0,0,1,0
"#PRAYFORSOUTHAFRICA
Help us get rid of illegal criminal foreign nationals.  We're tired now. @user send our army to help us deport all these illegal aliens.  

#OperationDudula
#PutSouthAfricaFirst 
#June16 
#sowetouprising 
#Soweto",0,1,0,0,1,1,0,1,1,1,1,1,0,1,0,0,1,1
@user We need to get rid of all foreigners that don‚Äôt bring any rare skills. #PutSouthAfricansFirst,0,0,0,0,1,1,0,0,0,0,1,1,0,0,0,0,1,0
SA women with exaggeration  complimentary of foreign men as if we don't have men in this country!! I know our men can be an annoyance sometimes but they still ours stop embarrassing us nimane ni praise amadoda akwamanye amazwe tuu!! <URL>,0,0,0,0,1,1,0,0,0,0,0,0,0,1,1,0,1,0
#PutSouthAfricaFirst is vocal about this issue and people scream xenophobia. <URL>,0,0,0,0,1,0,0,0,0,0,0,0,0,1,0,0,1,0
Hamba kahle mkhonto @user #PutSouthAfricansFirst,0,0,0,0,0,0,0,0,0,0,0,0,0,0,0,0,0,0
@user @user @user If you have them then they are foreigners in Zimbabwe. Just like Zimbos are foreigners in South Africa. .,0,0,0,0,1,0,0,0,1,0,0,0,0,1,0,0,1,1
@user @user This is a result of some anc cadre that got a tender that  knew nothing about bridge building tender boys at work hear #PutSouthAfricansFirst,0,0,0,0,1,1,0,0,0,0,0,1,0,1,0,0,0,0
"In whose country konje??

Go complain in your own country. #PutSouthAfricansFirst <URL>",0,0,0,0,1,1,0,0,0,0,1,0,0,0,0,0,1,1
@user @user ZaiZais Must go back home and fight their goverment. Lol soldiers are their brothers and sisters. They must stop being cowards. #ForeignersVacateOurJobs. #PutSouthAfricansFirst,0,0,0,0,1,1,0,0,1,0,1,1,0,1,1,0,1,1
"@user @user @user @user The @user &amp; @user  must immediately implement visa requirements on the following countries:
1 Somalia
2 Ethiopia
3 Zimbabwe
4 Mozambique
5 Nigeria
6 Malawi
7 Congo
8 Ghana
9 Pakistan
10 Build wall between Zim &amp; RSA!!!
#PutSouthAficansFirst <URL>",0,0,0,0,1,0,0,0,0,0,0,0,0,1,0,0,1,0
@user These are the consequences of you encouraging illegal foreigners from Zimbabwe to come to SA. Their land will return to the wolves. <URL>,0,0,0,0,1,1,0,0,0,0,1,1,0,1,0,0,1,0
@user account is temporarily unavailable because it violates the Twitter Media Policy. Learn more.,0,0,0,0,0,0,0,0,0,0,0,0,0,0,0,0,0,0
"Zimbabweans are hogging these hashtags with fake accounts hoping to derail the movement, why are they not complaining about the state of their country but have a say on this? Oh wait they are the ones most implicated on crimes here! #PutSouthAfricaFirst 
#PutSouthAfricansFirst <URL>",0,0,0,0,1,1,0,1,0,0,1,1,0,1,0,0,1,1
"Gqom mixtape 
<URL>

#PutSouthAfricaFirst
#FridayFeeling #FridayMotivation #BHOVAMANIAEP #sapsKZN",0,0,0,0,0,0,0,0,0,0,0,0,0,0,0,0,0,0
@user @user @user @user @user He has huge followers and we need to engage him on the #PutSouthAfricansFirst we need such public figures who are with us @user can you guys come together to lead along with ordinary SAns. #PutSouthAfricansFirst,0,0,0,0,1,0,0,0,0,0,0,0,0,0,0,0,0,0
"@user @user @user @user @user @user @user @user @user There are certain crimes that are foreign in this country and we well aware that they are only being committed by foreigners, like car spikes on the roads and human trafficking, therefore there's nothing wrong when we single out those nations committing those crimes.",0,1,0,0,1,1,0,0,1,0,1,1,0,1,0,0,1,1
"@user Mr Mashaba is spot on this illegal immigrants are burden to us the poor .they  are benefiting from all our resources , wealthy people like you who can't pay us a visit and know our struggle will always praise this foreigners",0,0,0,0,1,1,0,0,0,0,1,1,0,1,0,0,1,0
"We have too many problems in South Africa for us to be concerned about whats happening to Foreigners in their countries, everyone must deal with issues in their own country #PutSouthAfricansFirst <URL>",0,0,0,0,1,0,0,0,0,0,0,1,0,1,0,0,1,0
"#OperationDudula #Dudula2021 #PutSouthAfricaFirst one Kasi at a time, we keep winning guys, we are done. <URL>",0,0,0,0,1,0,0,1,0,0,0,0,0,1,0,1,1,1
"@user @user @user @user @user 90% there is no skill transfer at all @user why do you hate South Africans so much @user can you see that foreigners are taking our jobs.
#PutSouthAficansFirst #PutSouthAfricanFirst",0,0,0,0,1,1,0,0,0,0,1,1,0,1,0,0,1,0
SOUTH AFRICANS will remain slaves to their White masters. Never before have a seen a nation so brainwashed. #MUFC #FridayMotivation #KibraPolls #FridayFeeling #SpringboksChampions #FridayThoughts #Anele #SiyaKolisi #RachelKolisi @user @user @user @user <URL>,0,0,0,1,1,1,0,0,1,0,1,1,0,1,1,0,0,1
"Dear Patriots 

Let us all support the great people of Soweto in their Operation #Dudula2021 

Whilst we may not be part of the organising of this important event we should however throw our weight behind it.

We can‚Äôt be caught up in pettiness of who organised it. Let‚Äôs support! <URL>",0,0,0,0,1,0,0,0,0,0,0,0,0,1,0,0,1,0
"Nigerians Started Xenophobia attack during Ghana must Go! <URL> via @user

#juliusmalemamustfall

#PutSouthAfricansFirst",0,0,0,0,1,0,0,0,0,0,0,1,0,1,0,0,1,0
These stupid police failed to do that wen they was a protest in senekal ..bcoz blacks are beating up a white man they use teargas... the state‚Äôs property as vandalized they did nothing #EFFRedFriday,0,0,0,0,1,0,0,0,0,0,0,1,0,0,0,0,0,0
"@user @user @user @user @user @user @user @user @user @user @user TRUTH, JUSTICE, THE SIGNED CONTRACT @user PERSONALLY OWES, ALL THE RESTRAINING ORDERS I REQUESTED &amp; THE COMPENSATION FOR ALL MY STOLEN EBOOKS! THAT IS JUSTICE ... NOT ALL THEIR ALTERNATIVE DECEITFUL HACKING STALKING STEALING TRACKING EXPLOITING RAPIST CRIMINAL SCUMBAGS!",0,0,0,0,1,1,0,0,1,0,0,1,0,0,0,0,0,1
I will never nor wish any daughter of this land  to be a prostitute. Prostitution is against our cultural values. #Protectourdaughters #PutSouthAfricansFirst #VoetsekEFF,0,0,0,0,1,1,0,0,0,0,0,0,0,0,1,0,1,0
"#PutSouthAfricaFirst
#PutSouthAfricansFirst
We tired of FORIEGN nationals
SOUTH AFRICA IS BETTER OF WITHOUT THEM",0,0,0,0,1,1,0,0,1,0,1,1,0,0,0,0,1,1
"SA government must help these people who are in South Africa. Help them with repatriation, most of them are undocumented so they can't line up for food parcels fearing they could be arrested. @user @user @user @user #PutSouthAfricansFirst <URL>",0,0,0,0,1,0,0,0,0,0,0,0,0,0,0,0,0,0
@user @user The legal foreigners are deadly as well cause they allow exploitation.,0,1,1,0,1,1,0,0,1,0,1,1,0,0,0,0,1,0
@user @user @user Not sure what you mean. There are tonnes of foreigners legally employed in SA. There is a global talent grab! You sneeze you loose,0,0,0,0,0,0,0,0,0,0,0,0,0,0,0,0,0,0
@user Shiba to the moon!!,0,0,0,0,0,0,0,0,0,0,0,0,0,0,0,0,0,0
@user @user @user Total garbage this government is #ANCHatesSouthAfricans #ANCCorruptionMustFall #ANCMustFall #PutSouthAfricansFirst,0,0,0,0,1,1,0,0,0,0,0,1,0,0,0,0,0,1
"Thula sizwe
Esimnyama
Sikhalale izwe lethu
Elathathwa amabhunu
Mabawuyeke umhlaba wethu!
#Sharpvillemassacre
#June16
#boipatongmassacre
#marikanamassacre
#PhoenixMassacre <URL>",0,0,0,0,0,0,0,0,0,0,1,1,0,0,0,0,0,0
@user @user Yet foreigners are employed with fake documents #PutSouthAfricansFirst #WeWantOurCountryBack,0,0,0,0,1,0,0,0,0,0,0,1,0,0,0,0,1,0
"I find this pointless, Nigerians are killing our youth with their drugs and no much against their actions #EFFinPhoenix",0,1,0,0,1,1,0,1,1,0,1,1,0,1,0,0,1,1
"Siyazingca ngawe marn Gqwashu, you showed the Xhosa leadership, siyazingca Lawu. ‚úä #SAvENG #siyakolisi  #Springboks #SSRugby <URL>",0,0,0,0,0,0,0,0,0,0,0,0,0,0,0,0,0,0
"@user @user @user This must come to an end. All foreigners in our country must leave. Legal or illegal, they will come back only if they have a scarce skills which we don't have on the country. Right now any job belongs to our people. Choose SAns FIRST",0,1,0,0,1,1,0,0,1,0,0,0,0,0,0,0,1,0
@user @user As long as South Africans compete with foreigners who will work for next to nothing then illegal immigration will forever be an issue. Wena shut up and let us tell our story and see if your party will have any progress when you don't listen to the actual people telling their stor,0,0,0,0,1,1,0,0,0,0,0,1,0,0,0,0,0,1
"@user @user A whole Ugandan Mampara, <URL> led by COWARDS PERIOD, bloody cowards, bloody cowards and SELLOUTS #PutSouthAfricansFirst <URL>",0,1,1,0,1,1,0,1,1,0,1,1,0,1,1,0,1,1
"@user No this is a foreigner we told you about, that they are capable of committing any crime in our country &amp; disappear without a trace and u called us xenophobic.
#PutSouthAfricansFirst has been saying this and yall wanted to believe by seeing, there you have it",0,1,0,0,1,0,0,0,0,0,0,1,0,1,0,0,1,1
"These ones(Zimbos) are running an illegal imigration agency (New Dawn Migration) selling fake permits &amp; documentation in Centurion, the lady's name is Carol &amp; the guy is Tshifamba ""Mr Billionaire"" #PutSouthAficansFirst #PutSouthAfricansFirst #OperationDudula #OnsBaizaNie <URL>",0,0,1,0,1,0,0,1,0,0,0,0,0,1,0,0,0,1
"Angisho lutho #SAPS retreated when foreigners stoned them in #Gauteng watched on as whites burned state property in Senekal but killed #FeesMustFall protester,   #SANDF murdered sum1 4 having a beer in his yard &amp; then theres #marikana. #GautengShutdown #FamilyMeeting #FreeZumaNow",0,0,0,0,1,0,0,0,0,0,0,0,0,0,0,0,0,0
@user @user @user @user @user Oh please they would have done the same in Senekal they just weren't prepared as normally farmers protest unlike EFF and other communities who always burn and damage things,0,0,0,0,1,0,0,0,1,0,0,1,0,1,0,0,0,0
@user Bullshit force... after hours your members are part of the South Africans. They must abuse South Africans at their own risk cause after hours the citizens of this Nation must start talking to them. We cannot be bullied and foreigners live peaceful. Blood is coming even to you ppl,0,0,0,0,0,0,0,0,1,0,0,1,0,0,0,0,0,1
"@user Go tell that to your country women, Malawians and Zimbabwean. #InfluxOfImmigrantsMustStop 
#InfluxOfImmigrantsMustStop 
#InfluxOfImmigrantsMustStop 
#InfluxOfImmigrantsMustStop 
#PutSouthAfricansFirst",0,0,0,0,1,0,0,1,0,0,1,1,0,0,0,0,0,1
"I would not want to be an #VoetsekANCSupporters this week! 

We are going to see the #ANC protecting their criminal enterprises and friends, illicit  &amp; human trafficking comrades get kicked out of the country, you do not want to be associated with them!

#PutSouthAfricansFirst <URL>",0,0,0,0,0,0,0,0,0,0,0,1,0,0,0,0,0,0
@user @user My cousin is mathematics and accounting teacher. He is unemployed. Such excuse and hogwash make me sick. I am not convinced that foreigners must be given jobs here. Limpopo and NW did well by terminating Zims and Nigerians teachers. Go home,0,0,0,0,1,1,0,0,1,0,1,1,0,1,0,0,1,0
